{"cameraMode":{"drawMode":0,"name":"Shaded","section":"Shading Mode"},"sceneLighting":false,"audioPlay":false,"sceneViewState":{"m_AlwaysRefresh":false,"showFog":true,"showSkybox":false,"showFlares":true,"showImageEffects":true,"showParticleSystems":true,"showVisualEffectGraphs":true,"m_FxEnabled":true},"in2DMode":false,"pivot":{"x":-0.023000001907348634,"y":1.755500078201294,"z":1.2613327503204346},"rotation":{"x":0.026482433080673219,"y":-0.8854299187660217,"z":0.05078925937414169,"w":0.46129101514816286},"size":1.3793104887008668,"orthographic":false}