{"cameraMode":{"drawMode":0,"name":"Shaded","section":"Shading Mode"},"sceneLighting":false,"audioPlay":false,"sceneViewState":{"m_AlwaysRefresh":false,"showFog":true,"showSkybox":false,"showFlares":true,"showImageEffects":true,"showParticleSystems":true,"showVisualEffectGraphs":true,"m_FxEnabled":true},"in2DMode":false,"pivot":{"x":-1.4187932014465333,"y":1.7087924480438233,"z":5.9422125816345219},"rotation":{"x":-0.07527800649404526,"y":-0.6475747227668762,"z":0.06452719122171402,"w":-0.7555626630783081},"size":0.8660253882408142,"orthographic":false}